DIDOK NUMMER,BPUIC,BEZEICHNUNG_OFFIZIELL,Abkuerzung,ORTSCHAFTSNAME,GEMEINDENAME,BFS_NUMMER,BEZIRKSNAME,BEZIRKSNUM,KANTONSNAME,KANTONSKUERZEL,KANTONSNUM,LAND_ISO2_GEO,BP_ART_BEZEICHNUNG_DE,BP_BETRIEBSPUNKT_ART_ID,BPOF_ART_BEZEICHNUNG_DE,BPOF_BETRIEBSPUNKT_ART_ID,BPTF_ART_BEZEICHNUNG_DE,BPVB_ART_BEZEICHNUNG_DE,BPVB_BETRIEBSPUNKT_ART_ID,BPVH_BEZEICHNUNG_ALT,BPVH_EPR_CODE,BPVH_IATA_CODE,E_LV95,N_LV95,Z_LV95,E_LV03,N_LV03,Z_LV03,E_WGS84,N_WGS84,Z_WGS84,BPVH_VERKEHRSMITTEL,BPVH_VERKEHRSMITTEL_TEXT_DE,GO_IDENTIFIKATION,tu-nummer,GO_ABKUERZUNG_DE,GO_BEZEICHNUNG_DE,dst_abk,lod,geopos,IS_HALTESTELLE,dist
18580,8518580,Rupperswil-Auenstein Kraftwerk,RAKW,Auenstein,Auenstein,4091,Brugg,1904,Aargau,AG,19,CH,BP Netze,31,,,,,,,,,2651031.0,1251425.0,353,651030.21,251424.85,353,8.1147828,47.41166217,353,,,100001,11,SBB,Schweizerische Bundesbahnen SBB,RAKW,http://lod.opentransportdata.swiss/didok/8518580,"47.4116621698, 8.1147827989",0,
95454,8595454,"Hunzenschwil, Oberdorf",,Hunzenschwil,Hunzenschwil,4200,Lenzburg,1907,Aargau,AG,19,CH,,,,,,,,,,,2651404.0,1248181.0,407,651403.23,248180.88,407,8.11935212,47.3824571,407,B,Bus,100672,873,RBL,Regionalbus Lenzburg,,http://lod.opentransportdata.swiss/didok/8595454,"47.382457097, 8.11935212204",1,
88577,8588577,"Hunzenschwil, Unterdorf",,Hunzenschwil,Hunzenschwil,4200,Lenzburg,1907,Aargau,AG,19,CH,,,,,,,,,,,2651720.0,1248895.0,409,651719.22,248894.87,409,8.12361909,47.38885401,409,B,Bus,100672,873,RBL,Regionalbus Lenzburg,,http://lod.opentransportdata.swiss/didok/8588577,"47.3888540135, 8.12361909343",1,
88570,8588570,"Rupperswil, Haldenweg",,Rupperswil,Rupperswil,4206,Lenzburg,1907,Aargau,AG,19,CH,,,,,,,,,,,2651918.0,1249879.0,374,651917.21,249878.86,374,8.12635548,47.39768841,374,B,Bus,100672,873,RBL,Regionalbus Lenzburg,,http://lod.opentransportdata.swiss/didok/8588570,"47.3976884067, 8.12635548352",1,
88573,8588573,"Hunzenschwil, Korbacher",,Hunzenschwil,Hunzenschwil,4200,Lenzburg,1907,Aargau,AG,19,CH,,,,,,,,,,,2652100.0,1248661.0,409,652099.22,248660.88,409,8.12862443,47.38671952,409,B,Bus,100672,873,RBL,Regionalbus Lenzburg,,http://lod.opentransportdata.swiss/didok/8588573,"47.3867195182, 8.12862442727",1,
80896,8580896,"Auenstein, Obermatt",,Auenstein,Auenstein,4091,Brugg,1904,Aargau,AG,19,CH,,,,,,,,,,,2652867.0,1252335.0,396,652866.18,252334.85,396,8.13921604,47.41970174,396,B,Bus,100602,801,PAG,PostAuto AG,,http://lod.opentransportdata.swiss/didok/8580896,"47.4197017426, 8.13921604474",1,
78701,8578701,"Schafisheim, Ausserdorf",,Schafisheim,Schafisheim,4207,Lenzburg,1907,Aargau,AG,19,CH,,,,,,,,,,,2653629.0,1247818.0,418,653628.2,247817.9,418,8.14877206,47.37901505,418,B,Bus,100672,873,RBL,Regionalbus Lenzburg,,http://lod.opentransportdata.swiss/didok/8578701,"47.3790150521, 8.14877205688",1,
72469,8572469,"Veltheim AG, Vorerli",,Veltheim AG,Veltheim (AG),4120,Brugg,1904,Aargau,AG,19,CH,,,,,,,,,,,2653762.0,1253894.0,379,653761.16,253893.85,379,8.15126344,47.43365055,379,B,Bus,100602,801,PAG,PostAuto AG,,http://lod.opentransportdata.swiss/didok/8572469,"47.433650545, 8.1512634433",1,
72468,8572468,"Veltheim AG, Au",,Veltheim AG,Veltheim (AG),4120,Brugg,1904,Aargau,AG,19,CH,,,,,,,,,,,2654333.0,1252345.0,352,654332.18,252344.86,352,8.15864357,47.41967239,352,B,Bus,100602,801,PAG,PostAuto AG,,http://lod.opentransportdata.swiss/didok/8572468,"47.4196723863, 8.15864357435",1,
90242,8590242,"Lenzburg, General Herzog-Str.",,Lenzburg,Lenzburg,4201,Lenzburg,1907,Aargau,AG,19,CH,,,,,,,,,,,2654603.0,1248862.0,409,654602.19,248861.9,409,8.16179624,47.38832467,409,B,Bus,100672,873,RBL,Regionalbus Lenzburg,,http://lod.opentransportdata.swiss/didok/8590242,"47.388324672, 8.16179623894",1,
95641,8595641,"Lenzburg, Fünflinden",,Lenzburg,Lenzburg,4201,Lenzburg,1907,Aargau,AG,19,CH,,,,,,,,,,,2654623.0,1248737.0,411,654622.19,248736.9,411,8.16204585,47.38719879,411,B,Bus,100672,873,RBL,Regionalbus Lenzburg,,http://lod.opentransportdata.swiss/didok/8595641,"47.3871987847, 8.16204585252",1,
78736,8578736,"Lenzburg, Bahnhof",,Lenzburg,Lenzburg,4201,Lenzburg,1907,Aargau,AG,19,CH,,,,,,,,,,,2655313.0,1249147.0,406,655312.19,249146.9,406,8.17123428,47.39082871,406,B,Bus,100672,873,RBL,Regionalbus Lenzburg,,http://lod.opentransportdata.swiss/didok/8578736,"47.3908287057, 8.17123428256",1,
78695,8578695,"Lenzburg, Traitafina",,Lenzburg,Lenzburg,4201,Lenzburg,1907,Aargau,AG,19,CH,,,,,,,,,,,2655492.0,1249567.0,406,655491.18,249566.9,406,8.17365705,47.39459106,406,B,Bus,100672,873,RBL,Regionalbus Lenzburg,,http://lod.opentransportdata.swiss/didok/8578695,"47.3945910592, 8.17365704612",1,
78746,8578746,"Lenzburg, Angelrain",,Lenzburg,Lenzburg,4201,Lenzburg,1907,Aargau,AG,19,CH,,,,,,,,,,,2655623.0,1248966.0,406,655622.18,248965.91,406,8.17531743,47.38917473,406,B,Bus,100672,873,RBL,Regionalbus Lenzburg,,http://lod.opentransportdata.swiss/didok/8578746,"47.3891747321, 8.17531743442",1,
78691,8578691,"Möriken AG, Steinler",,Möriken AG,Möriken-Wildegg,4203,Lenzburg,1907,Aargau,AG,19,CH,,,,,,,,,,,2655661.0,1251524.0,386,655660.18,251523.89,386,8.17613896,47.41217764,386,B,Bus,100672,873,RBL,Regionalbus Lenzburg,,http://lod.opentransportdata.swiss/didok/8578691,"47.4121776364, 8.17613896243",1,
78693,8578693,"Niederlenz, Hetex",,Niederlenz,Niederlenz,4204,Lenzburg,1907,Aargau,AG,19,CH,,,,,,,,,,,2655827.0,1250078.0,383,655826.18,250077.9,383,8.17815787,47.39915859,383,B,Bus,100672,873,RBL,Regionalbus Lenzburg,,http://lod.opentransportdata.swiss/didok/8578693,"47.399158594, 8.17815786673",1,
89543,8589543,"Lenzburg, Ziegeleiweg",,Lenzburg,Lenzburg,4201,Lenzburg,1907,Aargau,AG,19,CH,,,,,,,,,,,2656006.0,1247875.0,406,656005.19,247874.92,406,8.18025323,47.37933003,406,B,Bus,100672,873,RBL,Regionalbus Lenzburg,,http://lod.opentransportdata.swiss/didok/8589543,"47.3793300262, 8.18025323335",1,
2678,8502678,"Egliswil, Waageplatz",,Egliswil,Egliswil,4195,Lenzburg,1907,Aargau,AG,19,CH,,,,,,,,,,,2656382.0,1244569.0,470,656381.2,244568.95,470,8.1848158,47.34956421,470,B,Bus,100672,873,RBL,Regionalbus Lenzburg,,http://lod.opentransportdata.swiss/didok/8502678,"47.3495642065, 8.18481580071",1,
88178,8588178,"Brunegg, Industriestrasse",,Brunegg,Brunegg,4193,Lenzburg,1907,Aargau,AG,19,CH,,,,,,,,,,,2659010.0,1252359.0,414,659009.15,252358.93,414,8.22062096,47.41939588,414,B,Bus,100672,873,RBL,Regionalbus Lenzburg,,http://lod.opentransportdata.swiss/didok/8588178,"47.4193958763, 8.22062096156",1,
88576,8588576,"Hunzenschwil, Gemeindehaus",,Hunzenschwil,Hunzenschwil,4200,Lenzburg,1907,Aargau,AG,19,CH,,,,,,,,,,,2651733.0,1248418.0,409,651732.22,248417.88,409,8.12373613,47.38456291,409,B,Bus,100672,873,RBL,Regionalbus Lenzburg,,http://lod.opentransportdata.swiss/didok/8588576,"47.3845629112, 8.12373613393",1,
2104,8502104,Hunzenschwil,HU,Hunzenschwil,Hunzenschwil,4200,Lenzburg,1907,Aargau,AG,19,CH,,,,,,,,,,,2651877.16,1248833.2,399,651876.37,248833.08,399,8.12569323,47.38828589,399,Z,Zug,100001,11,SBB,Schweizerische Bundesbahnen SBB,HU,http://lod.opentransportdata.swiss/didok/8502104,"47.3882858408, 8.12569329661",1,
2114,8502114,Rupperswil,RU,Rupperswil,Rupperswil,4206,Lenzburg,1907,Aargau,AG,19,CH,,,,,,,,,,,2651957.9,1250502.2,374,651957.11,250502.06,374,8.12695637,47.40329025,374,Z,Zug,100001,11,SBB,Schweizerische Bundesbahnen SBB,RU,http://lod.opentransportdata.swiss/didok/8502114,"47.4032902238, 8.12695636496",1,
88571,8588571,"Rupperswil, Schule",,Rupperswil,Rupperswil,4206,Lenzburg,1907,Aargau,AG,19,CH,,,,,,,,,,,2652050.0,1250300.0,374,652049.21,250299.85,374,8.12815291,47.4014644,374,B,Bus,100672,873,RBL,Regionalbus Lenzburg,,http://lod.opentransportdata.swiss/didok/8588571,"47.4014644016, 8.12815290658",1,
80894,8580894,"Auenstein, Eggen",,Auenstein,Auenstein,4091,Brugg,1904,Aargau,AG,19,CH,,,,,,,,,,,2652597.0,1252111.0,370,652596.19,252110.85,370,8.13561185,47.41770875,370,B,Bus,100602,801,PAG,PostAuto AG,,http://lod.opentransportdata.swiss/didok/8580894,"47.4177087504, 8.13561184893",1,
15424,8515424,Rupperswil Ost,RUO,Rupperswil,Rupperswil,4206,Lenzburg,1907,Aargau,AG,19,CH,,,,,Spurwechsel,,,,,,2652922.9,1250881.3,365,652922.09,250881.16,365,8.13978471,47.406623,365,,,100001,11,SBB,Schweizerische Bundesbahnen SBB,RUO,http://lod.opentransportdata.swiss/didok/8515424,"47.4066229782, 8.13978474673",0,
80895,8580895,"Auenstein, Hausacher",,Auenstein,Auenstein,4091,Brugg,1904,Aargau,AG,19,CH,,,,,,,,,,,2653009.0,1252088.0,370,653008.19,252087.85,370,8.14106844,47.41746887,370,B,Bus,100602,801,PAG,PostAuto AG,,http://lod.opentransportdata.swiss/didok/8580895,"47.4174688679, 8.1410684385",1,
2040,8502040,Seon Industrieanlagen,SEIN,Seon,Seon,4209,Lenzburg,1907,Aargau,AG,19,CH,,,,,,,,,,,2653800.0,1244500.0,450,653799.21,244499.92,450,8.15063783,47.3491593,450,,,100001,11,SBB,Schweizerische Bundesbahnen SBB,SEIN,http://lod.opentransportdata.swiss/didok/8502040,"47.3491593021, 8.15063782821",0,
78704,8578704,"Seon, Unterdorf",,Seon,Seon,4209,Lenzburg,1907,Aargau,AG,19,CH,,,,,,,,,,,2654633.0,1244393.0,446,654632.2,244392.92,446,8.16164845,47.34812848,446,B,Bus,100672,873,RBL,Regionalbus Lenzburg,,http://lod.opentransportdata.swiss/didok/8578704,"47.3481284746, 8.16164845031",1,
78745,8578745,"Lenzburg, Zeughaus",,Lenzburg,Lenzburg,4201,Lenzburg,1907,Aargau,AG,19,CH,,,,,,,,,,,2654752.0,1248971.0,406,654751.19,248970.9,406,8.16378284,47.38929264,406,B,Bus,100672,873,RBL,Regionalbus Lenzburg,,http://lod.opentransportdata.swiss/didok/8578745,"47.3892926385, 8.16378284281",1,
2676,8502676,"Seon, Hallenbad",,Seon,Seon,4209,Lenzburg,1907,Aargau,AG,19,CH,,,,,,,,,,,2655122.0,1244305.0,446,655121.2,244304.93,446,8.16810877,47.34729632,446,B,Bus,100672,873,RBL,Regionalbus Lenzburg,,http://lod.opentransportdata.swiss/didok/8502676,"47.3472963204, 8.16810877302",1,
78734,8578734,"Lenzburg, Beyeler",,Lenzburg,Lenzburg,4201,Lenzburg,1907,Aargau,AG,19,CH,,,,,,,,,,,2655196.0,1248751.0,406,655195.19,248750.91,406,8.16963589,47.38727696,406,B,Bus,100672,873,RBL,Regionalbus Lenzburg,,http://lod.opentransportdata.swiss/didok/8578734,"47.3872769593, 8.16963589313",1,
2677,8502677,"Egliswil, Industrie",,Egliswil,Egliswil,4195,Lenzburg,1907,Aargau,AG,19,CH,,,,,,,,,,,2655741.0,1244500.0,470,655740.2,244499.94,470,8.17632438,47.34899811,470,B,Bus,100672,873,RBL,Regionalbus Lenzburg,,http://lod.opentransportdata.swiss/didok/8502677,"47.3489981135, 8.17632437528",1,
78747,8578747,"Lenzburg, Hypiplatz",,Lenzburg,Lenzburg,4201,Lenzburg,1907,Aargau,AG,19,CH,,,,,,,,,,,2655858.0,1248811.0,397,655857.18,248810.91,397,8.17841034,47.38776081,397,B,Bus,100672,873,RBL,Regionalbus Lenzburg,,http://lod.opentransportdata.swiss/didok/8578747,"47.3877608137, 8.17841033764",1,
90243,8590243,"Lenzburg, Poststrasse",,Lenzburg,Lenzburg,4201,Lenzburg,1907,Aargau,AG,19,CH,,,,,,,,,,,2655871.0,1248789.0,400,655870.18,248788.91,400,8.17857975,47.38756185,400,B,Bus,100672,873,RBL,Regionalbus Lenzburg,,http://lod.opentransportdata.swiss/didok/8590243,"47.3875618476, 8.1785797537",1,
78689,8578689,"Möriken AG, Oberäsch",,Möriken AG,Möriken-Wildegg,4203,Lenzburg,1907,Aargau,AG,19,CH,,,,,,,,,,,2655899.0,1252212.0,386,655898.18,252211.89,386,8.17937832,47.41834518,386,B,Bus,100672,873,RBL,Regionalbus Lenzburg,,http://lod.opentransportdata.swiss/didok/8578689,"47.4183451796, 8.17937831915",1,
78697,8578697,"Lenzburg, Volg",,Lenzburg,Lenzburg,4201,Lenzburg,1907,Aargau,AG,19,CH,,,,,,,,,,,2656022.0,1249329.0,406,656021.18,249328.91,406,8.18064707,47.39240569,406,B,Bus,100672,873,RBL,Regionalbus Lenzburg,,http://lod.opentransportdata.swiss/didok/8578697,"47.3924056888, 8.18064707429",1,
78750,8578750,"Lenzburg, Friedweg",,Lenzburg,Lenzburg,4201,Lenzburg,1907,Aargau,AG,19,CH,,,,,,,,,,,2656033.0,1248403.0,406,656032.18,248402.92,406,8.18067683,47.38407648,406,B,Bus,100672,873,RBL,Regionalbus Lenzburg,,http://lod.opentransportdata.swiss/didok/8578750,"47.3840764774, 8.18067683161",1,
78690,8578690,"Möriken AG, Gemeindehaus",,Möriken AG,Möriken-Wildegg,4203,Lenzburg,1907,Aargau,AG,19,CH,,,,,,,,,,,2656095.0,1251976.0,386,656094.18,251975.89,386,8.18194588,47.416206,386,B,Bus,100672,873,RBL,Regionalbus Lenzburg,,http://lod.opentransportdata.swiss/didok/8578690,"47.4162059949, 8.18194587693",1,
88869,8588869,"Lenzburg, Schloss",,Lenzburg,Lenzburg,4201,Lenzburg,1907,Aargau,AG,19,CH,,,,,,,,,,,2656565.0,1248837.0,406,656564.18,248836.92,406,8.1877766,47.38793435,406,B,Bus,100672,873,RBL,Regionalbus Lenzburg,,http://lod.opentransportdata.swiss/didok/8588869,"47.3879343506, 8.18777659565",1,
78726,8578726,"Lenzburg, Berufsschule",,Lenzburg,Lenzburg,4201,Lenzburg,1907,Aargau,AG,19,CH,,,,,,,,,,,2656875.0,1249036.0,406,656874.17,249035.92,406,8.1919073,47.38969744,406,B,Bus,100672,873,RBL,Regionalbus Lenzburg,,http://lod.opentransportdata.swiss/didok/8578726,"47.3896974373, 8.19190730127",1,
15401,8515401,Gexi Ost (Abzw),GEXO,Lenzburg,Lenzburg,4201,Lenzburg,1907,Aargau,AG,19,CH,,,,,"Abzweigung, Verzweigung, Spaltweiche",,,,,,2657123.07,1249394.06,424,657122.24,249393.98,424,8.19523837,47.39289627,424,,,100001,11,SBB,Schweizerische Bundesbahnen SBB,GEXO,http://lod.opentransportdata.swiss/didok/8515401,"47.3928962991, 8.19523837476",0,
78755,8578755,"Ammerswil AG, Rebrain",,Ammerswil AG,Ammerswil,4191,Lenzburg,1907,Aargau,AG,19,CH,,,,,,,,,,,2657715.0,1246736.0,456,657714.2,246735.94,456,8.2027355,47.36893862,456,B,Bus,100672,873,RBL,Regionalbus Lenzburg,,http://lod.opentransportdata.swiss/didok/8578755,"47.3689386223, 8.20273550347",1,
17155,8517155,Hendschiken Unterwerk,HDUW,Hendschiken,Hendschiken,4198,Lenzburg,1907,Aargau,AG,19,CH,BP Netze,31,,,,,,,,,2657862.0,1249199.0,420,657861.17,249198.93,420,8.2049999,47.3910775,420,,,100001,11,SBB,Schweizerische Bundesbahnen SBB,HDUW,http://lod.opentransportdata.swiss/didok/8517155,"47.3910775022, 8.20499990418",0,
88575,8588575,"Rupperswil, Bahnhof",,Rupperswil,Rupperswil,4206,Lenzburg,1907,Aargau,AG,19,CH,,,,,,,,,,,2651954.0,1250479.0,374,651953.21,250478.85,374,8.12690201,47.40308187,374,B,Bus,100672,873,RBL,Regionalbus Lenzburg,,http://lod.opentransportdata.swiss/didok/8588575,"47.4030818743, 8.12690200654",1,
80899,8580899,"Auenstein, Wiweg",,Auenstein,Auenstein,4091,Brugg,1904,Aargau,AG,19,CH,,,,,,,,,,,2652106.0,1251923.0,409,652105.2,251922.85,409,8.1290838,47.41605694,409,B,Bus,100602,801,PAG,PostAuto AG,,http://lod.opentransportdata.swiss/didok/8580899,"47.4160569386, 8.12908380415",1,
72467,8572467,"Auenstein, Gemeindehaus",,Auenstein,Auenstein,4091,Brugg,1904,Aargau,AG,19,CH,,,,,,,,,,,2652681.0,1251953.0,370,652680.19,251952.85,370,8.1367063,47.41628102,370,B,Bus,100602,801,PAG,PostAuto AG,,http://lod.opentransportdata.swiss/didok/8572467,"47.41628102, 8.13670629778",1,
90262,8590262,"Schafisheim, Talhard",,Schafisheim,Schafisheim,4207,Lenzburg,1907,Aargau,AG,19,CH,,,,,,,,,,,2652954.0,1248216.0,410,652953.21,248215.89,410,8.13988136,47.38264919,410,B,Bus,100672,873,RBL,Regionalbus Lenzburg,,http://lod.opentransportdata.swiss/didok/8590262,"47.3826491868, 8.13988135916",1,
78744,8578744,"Schafisheim, Jumbo",,Schafisheim,Schafisheim,4207,Lenzburg,1907,Aargau,AG,19,CH,,,,,,,,,,,2652993.0,1248640.0,418,652992.2,248639.89,418,8.14044799,47.38645945,418,B,Bus,100672,873,RBL,Regionalbus Lenzburg,,http://lod.opentransportdata.swiss/didok/8578744,"47.3864594541, 8.14044799127",1,
78702,8578702,"Schafisheim, Milchgasse",,Schafisheim,Schafisheim,4207,Lenzburg,1907,Aargau,AG,19,CH,,,,,,,,,,,2653215.0,1247276.0,418,653214.21,247275.9,418,8.14322582,47.37417392,418,B,Bus,100672,873,RBL,Regionalbus Lenzburg,,http://lod.opentransportdata.swiss/didok/8578702,"47.3741739147, 8.14322581534",1,
574,8500574,"Veltheim AG, Wildenstein",,Veltheim AG,Veltheim (AG),4120,Brugg,1904,Aargau,AG,19,CH,,,,,,,,,,,2654370.0,1253101.0,348,654369.17,253100.86,348,8.15922583,47.4264686,348,B,Bus,100602,801,PAG,PostAuto AG,,http://lod.opentransportdata.swiss/didok/8500574,"47.4264686034, 8.15922582574",1,
78739,8578739,"Lenzburg, Dufourstrasse",,Lenzburg,Lenzburg,4201,Lenzburg,1907,Aargau,AG,19,CH,,,,,,,,,,,2654383.0,1248911.0,406,654382.19,248910.9,406,8.15888864,47.38878356,406,B,Bus,100672,873,RBL,Regionalbus Lenzburg,,http://lod.opentransportdata.swiss/didok/8578739,"47.3887835605, 8.15888863856",1,
2675,8502675,"Seon, Frohsinn",,Seon,Seon,4209,Lenzburg,1907,Aargau,AG,19,CH,,,,,,,,,,,2654521.0,1245078.0,446,654520.2,245077.92,446,8.16024963,47.35429859,446,B,Bus,100672,873,RBL,Regionalbus Lenzburg,,http://lod.opentransportdata.swiss/didok/8502675,"47.3542985925, 8.1602496312",1,
72465,8572465,"Wildegg, Bahnhof",,Wildegg,Möriken-Wildegg,4203,Lenzburg,1907,Aargau,AG,19,CH,,,,,,,,,,,2654724.0,1251869.0,354,654723.18,251868.87,354,8.16376654,47.41535899,354,B,Bus,100602,801,PAG,PostAuto AG,,http://lod.opentransportdata.swiss/didok/8572465,"47.4153589901, 8.16376653874",1,
88870,8588870,"Wildegg, Zentrum",,Wildegg,Möriken-Wildegg,4203,Lenzburg,1907,Aargau,AG,19,CH,,,,,,,,,,,2654800.0,1251820.0,354,654799.18,251819.87,354,8.16476754,47.41491198,354,B,Bus,100672,873,RBL,Regionalbus Lenzburg,,http://lod.opentransportdata.swiss/didok/8588870,"47.4149119777, 8.16476754436",1,
2128,8502128,Holderbank AG,HOBK,Holderbank AG,Holderbank (AG),4199,Lenzburg,1907,Aargau,AG,19,CH,,,,,,,,,,,2654925.82,1253347.84,355,654924.99,253347.71,355,8.16662237,47.42864253,355,Z,Zug,100001,11,SBB,Schweizerische Bundesbahnen SBB,HOBK,http://lod.opentransportdata.swiss/didok/8502128,"47.4286424936, 8.16662239508",1,
2119,8502119,Lenzburg,LB,Lenzburg,Lenzburg,4201,Lenzburg,1907,Aargau,AG,19,CH,,,,,,,,,,,2655249.09,1249187.66,406,655248.28,249187.56,406,8.17039289,47.39119976,406,Z,Zug,100001,11,SBB,Schweizerische Bundesbahnen SBB,LB,http://lod.opentransportdata.swiss/didok/8502119,"47.3911997555, 8.1703928761",1,
18791,8518791,Lenzburg Seetal,LBSE,Lenzburg,Lenzburg,4201,Lenzburg,1907,Aargau,AG,19,CH,,,,,Zugeordneter Betriebspunkt,,,,,,2655299.31,1249122.25,407,655298.5,249122.15,407,8.17104997,47.39060721,407,,,100001,11,SBB,Schweizerische Bundesbahnen SBB,LBSE,http://lod.opentransportdata.swiss/didok/8518791,"47.3906072575, 8.17104991352",0,
78732,8578732,"Lenzburg, Bachstrasse",,Lenzburg,Lenzburg,4201,Lenzburg,1907,Aargau,AG,19,CH,,,,,,,,,,,2655732.0,1248635.0,406,655731.18,248634.91,406,8.17671977,47.38618857,406,B,Bus,100672,873,RBL,Regionalbus Lenzburg,,http://lod.opentransportdata.swiss/didok/8578732,"47.3861885674, 8.17671977205",1,
78730,8578730,"Lenzburg, Kronenplatz",,Lenzburg,Lenzburg,4201,Lenzburg,1907,Aargau,AG,19,CH,,,,,,,,,,,2656069.0,1248807.0,406,656068.18,248806.92,406,8.18120416,47.38770692,406,B,Bus,100672,873,RBL,Regionalbus Lenzburg,,http://lod.opentransportdata.swiss/didok/8578730,"47.3877069211, 8.18120416281",1,
94684,8594684,"Lenzburg, Othmarsingerstrasse",,Lenzburg,Lenzburg,4201,Lenzburg,1907,Aargau,AG,19,CH,,,,,,,,,,,2656580.0,1249149.0,426,656579.18,249148.92,426,8.18801469,47.39073913,426,B,Bus,100672,873,RBL,Regionalbus Lenzburg,,http://lod.opentransportdata.swiss/didok/8594684,"47.390739131, 8.1880146894",1,
78728,8578728,"Lenzburg, Neuhofstrasse",,Lenzburg,Lenzburg,4201,Lenzburg,1907,Aargau,AG,19,CH,,,,,,,,,,,2656607.0,1249070.0,406,656606.18,249069.92,406,8.18836228,47.3900263,406,B,Bus,100672,873,RBL,Regionalbus Lenzburg,,http://lod.opentransportdata.swiss/didok/8578728,"47.3900263017, 8.18836228419",1,
94550,8594550,"Lenzburg, Gexistrasse",,Lenzburg,Lenzburg,4201,Lenzburg,1907,Aargau,AG,19,CH,,,,,,,,,,,2657054.0,1249356.0,432,657053.17,249355.92,432,8.19431872,47.39255998,432,B,Bus,100672,873,RBL,Regionalbus Lenzburg,,http://lod.opentransportdata.swiss/didok/8594550,"47.3925599792, 8.19431872385",1,
78757,8578757,"Ammerswil AG, Dorfplatz",,Ammerswil AG,Ammerswil,4191,Lenzburg,1907,Aargau,AG,19,CH,,,,,,,,,,,2658072.0,1246781.0,456,658071.19,246780.95,456,8.20746749,47.36931199,456,B,Bus,100672,873,RBL,Regionalbus Lenzburg,,http://lod.opentransportdata.swiss/didok/8578757,"47.3693119942, 8.20746749348",1,
87102,8587102,"Othmarsingen, Rössli",,Othmarsingen,Othmarsingen,4205,Lenzburg,1907,Aargau,AG,19,CH,,,,,,,,,,,2658547.0,1250287.0,419,658546.16,250286.93,419,8.21421443,47.40080221,419,B,Bus,100672,873,RBL,Regionalbus Lenzburg,,http://lod.opentransportdata.swiss/didok/8587102,"47.4008022095, 8.21421443345",1,
2105,8502105,Othmarsingen,OTH,Othmarsingen,Othmarsingen,4205,Lenzburg,1907,Aargau,AG,19,CH,,,,,,,,,,,2658584.33,1251024.69,419,658583.48,251024.62,419,8.21480549,47.40743351,419,Z,Zug,100001,11,SBB,Schweizerische Bundesbahnen SBB,OTH,http://lod.opentransportdata.swiss/didok/8502105,"47.4074334806, 8.21480554704",1,
87101,8587101,"Othmarsingen, Bahnhof",,Othmarsingen,Othmarsingen,4205,Lenzburg,1907,Aargau,AG,19,CH,,,,,,,,,,,2658613.0,1250947.0,419,658612.15,250946.93,419,8.21517519,47.40673221,419,B,Bus,100672,873,RBL,Regionalbus Lenzburg,,http://lod.opentransportdata.swiss/didok/8587101,"47.4067322076, 8.21517518772",1,
87230,8587230,"Mägenwil, Gewerbepark",,Mägenwil,Mägenwil,4032,Baden,1902,Aargau,AG,19,CH,,,,,,,,,,,2659378.0,1251349.0,416,659377.15,251348.93,416,8.22536321,47.41027917,416,B,Bus,100672,873,RBL,Regionalbus Lenzburg,,http://lod.opentransportdata.swiss/didok/8587230,"47.4102791707, 8.22536320865",1,
88572,8588572,"Hunzenschwil, Birkenweg",,Hunzenschwil,Hunzenschwil,4200,Lenzburg,1907,Aargau,AG,19,CH,,,,,,,,,,,2651270.0,1248674.0,400,651269.23,248673.87,400,8.11763415,47.38690152,400,B,Bus,100672,873,RBL,Regionalbus Lenzburg,,http://lod.opentransportdata.swiss/didok/8588572,"47.3869015229, 8.11763415048",1,
88574,8588574,"Hunzenschwil, Weiherweg",,Hunzenschwil,Hunzenschwil,4200,Lenzburg,1907,Aargau,AG,19,CH,,,,,,,,,,,2651310.0,1248393.0,409,651309.23,248392.87,409,8.11813167,47.38437113,409,B,Bus,100672,873,RBL,Regionalbus Lenzburg,,http://lod.opentransportdata.swiss/didok/8588574,"47.3843711268, 8.1181316682",1,
78742,8578742,"Schafisheim, Coop",,Schafisheim,Schafisheim,4207,Lenzburg,1907,Aargau,AG,19,CH,,,,,,,,,,,2652908.0,1248792.0,418,652907.2,248791.88,418,8.1393403,47.38783335,418,B,Bus,100672,873,RBL,Regionalbus Lenzburg,,http://lod.opentransportdata.swiss/didok/8578742,"47.3878333503, 8.13934030311",1,
2557,8502557,"Auenstein, Kirche",,Auenstein,Auenstein,4091,Brugg,1904,Aargau,AG,19,CH,,,,,,,,,,,2653023.0,1251943.0,368,653022.19,251942.85,368,8.14123675,47.41616364,368,B,Bus,100602,801,PAG,PostAuto AG,,http://lod.opentransportdata.swiss/didok/8502557,"47.416163643, 8.14123675295",1,
72466,8572466,"Auenstein, Fahr",,Auenstein,Auenstein,4091,Brugg,1904,Aargau,AG,19,CH,,,,,,,,,,,2653772.0,1251865.0,359,653771.18,251864.86,359,8.1511519,47.41540141,359,B,Bus,100602,801,PAG,PostAuto AG,,http://lod.opentransportdata.swiss/didok/8572466,"47.4154014144, 8.15115189815",1,
77957,8577957,"Auenstein, Steinbr. Jakobsberg",,Auenstein,Auenstein,4091,Brugg,1904,Aargau,AG,19,CH,,,,,,,,,,,2654187.0,1252186.0,357,654186.18,252185.86,357,8.15668962,47.41825441,357,B,Bus,100602,801,PAG,PostAuto AG,,http://lod.opentransportdata.swiss/didok/8577957,"47.4182544059, 8.15668962256",1,
78738,8578738,"Lenzburg, Langsamstig",,Lenzburg,Lenzburg,4201,Lenzburg,1907,Aargau,AG,19,CH,,,,,,,,,,,2654566.0,1249034.0,406,654565.19,249033.9,406,8.1613272,47.38987468,406,B,Bus,100672,873,RBL,Regionalbus Lenzburg,,http://lod.opentransportdata.swiss/didok/8578738,"47.3898746764, 8.16132720208",1,
78700,8578700,"Staufen, Chrüzweg",,Staufen,Staufen,4210,Lenzburg,1907,Aargau,AG,19,CH,,,,,,,,,,,2654598.0,1248420.0,420,654597.19,248419.91,420,8.16167611,47.38434981,420,B,Bus,100672,873,RBL,Regionalbus Lenzburg,,http://lod.opentransportdata.swiss/didok/8578700,"47.384349807, 8.16167610818",1,
2135,8502135,Lenzburg Industrie,LBIN,Lenzburg,Lenzburg,4201,Lenzburg,1907,Aargau,AG,19,CH,Inventarpunkt,30,,,,,,,,,2654758.0,1249337.0,406,654757.19,249336.9,406,8.16390709,47.39258388,406,,,100001,11,SBB,Schweizerische Bundesbahnen SBB,LBIN,http://lod.opentransportdata.swiss/didok/8502135,"47.3925838816, 8.16390708696",0,
90265,8590265,"Seon, Birren Süd",,Seon,Seon,4209,Lenzburg,1907,Aargau,AG,19,CH,,,,,,,,,,,2655004.0,1245994.0,448,655003.2,245993.92,448,8.16675456,47.36249691,448,B,Bus,100672,873,RBL,Regionalbus Lenzburg,,http://lod.opentransportdata.swiss/didok/8590265,"47.3624969107, 8.16675456005",1,
90264,8590264,"Seon, Birren Nord",,Seon,Seon,4209,Lenzburg,1907,Aargau,AG,19,CH,,,,,,,,,,,2655019.0,1246188.0,446,655018.2,246187.92,446,8.16697694,47.36424048,446,B,Bus,100672,873,RBL,Regionalbus Lenzburg,,http://lod.opentransportdata.swiss/didok/8590264,"47.3642404762, 8.16697694051",1,
78699,8578699,"Staufen, Lindenplatz",,Staufen,Staufen,4210,Lenzburg,1907,Aargau,AG,19,CH,,,,,,,,,,,2655107.0,1248380.0,420,655106.19,248379.91,420,8.16841158,47.38394769,420,B,Bus,100672,873,RBL,Regionalbus Lenzburg,,http://lod.opentransportdata.swiss/didok/8578699,"47.3839476927, 8.16841157807",1,
78698,8578698,"Staufen, Beyeler",,Staufen,Staufen,4210,Lenzburg,1907,Aargau,AG,19,CH,,,,,,,,,,,2655109.0,1248621.0,420,655108.19,248620.91,420,8.16846773,47.38611504,420,B,Bus,100672,873,RBL,Regionalbus Lenzburg,,http://lod.opentransportdata.swiss/didok/8578698,"47.3861150411, 8.1684677331",1,
2681,8502681,"Lenzburg, Ringstrasse Nord",,Lenzburg,Lenzburg,4201,Lenzburg,1907,Aargau,AG,19,CH,,,,,,,,,,,2655118.0,1249537.0,406,655117.19,249536.9,406,8.16869973,47.39435263,406,B,Bus,100672,873,RBL,Regionalbus Lenzburg,,http://lod.opentransportdata.swiss/didok/8502681,"47.3943526333, 8.16869973149",1,
78735,8578735,"Lenzburg, Augustin Kellerstr.",,Lenzburg,Lenzburg,4201,Lenzburg,1907,Aargau,AG,19,CH,,,,,,,,,,,2655254.0,1248941.0,406,655253.19,248940.91,406,8.17042745,47.38898093,406,B,Bus,100672,873,RBL,Regionalbus Lenzburg,,http://lod.opentransportdata.swiss/didok/8578735,"47.3889809271, 8.17042745174",1,
2134,8502134,Spitzkehre (Lenzburg),SPK,Lenzburg,Lenzburg,4201,Lenzburg,1907,Aargau,AG,19,CH,Inventarpunkt,30,,,,,,,,,2655470.0,1248698.0,407,655469.19,248697.91,407,8.17325795,47.38677728,407,,,100001,11,SBB,Schweizerische Bundesbahnen SBB,SPK,http://lod.opentransportdata.swiss/didok/8502134,"47.386777282, 8.1732579465",0,
78694,8578694,"Niederlenz, Staufbergstrasse",,Niederlenz,Niederlenz,4204,Lenzburg,1907,Aargau,AG,19,CH,,,,,,,,,,,2655554.0,1249947.0,404,655553.18,249946.9,404,8.17452542,47.39800348,404,B,Bus,100672,873,RBL,Regionalbus Lenzburg,,http://lod.opentransportdata.swiss/didok/8578694,"47.3980034804, 8.17452541523",1,
78688,8578688,"Möriken AG, Schloss Wildegg",,Wildegg,Möriken-Wildegg,4203,Lenzburg,1907,Aargau,AG,19,CH,,,,,,,,,,,2655564.0,1252354.0,386,655563.18,252353.88,386,8.17495693,47.41965064,386,B,Bus,100672,873,RBL,Regionalbus Lenzburg,,http://lod.opentransportdata.swiss/didok/8578688,"47.4196506354, 8.17495692568",1,
78692,8578692,"Niederlenz, Schürz",,Niederlenz,Niederlenz,4204,Lenzburg,1907,Aargau,AG,19,CH,,,,,,,,,,,2655622.0,1250941.0,383,655621.18,250940.89,383,8.17554973,47.40693757,383,B,Bus,100672,873,RBL,Regionalbus Lenzburg,,http://lod.opentransportdata.swiss/didok/8578692,"47.4069375658, 8.17554972705",1,
2117,8502117,Niederlenz,NZ,Niederlenz,Niederlenz,4204,Lenzburg,1907,Aargau,AG,19,CH,Inventarpunkt,30,,,,,,,,,2655690.0,1250479.0,377,655689.18,250478.9,377,8.17639307,47.4027767,377,,,100001,11,SBB,Schweizerische Bundesbahnen SBB,NZ,http://lod.opentransportdata.swiss/didok/8502117,"47.4027766962, 8.17639307131",0,
78696,8578696,"Lenzburg, Autobahn-Viadukt",,Niederlenz,Niederlenz,4204,Lenzburg,1907,Aargau,AG,19,CH,,,,,,,,,,,2655960.0,1249749.0,388,655959.18,249748.91,388,8.17987845,47.39618835,388,B,Bus,100672,873,RBL,Regionalbus Lenzburg,,http://lod.opentransportdata.swiss/didok/8578696,"47.3961883538, 8.17987844644",1,
78729,8578729,"Lenzburg, Mehrzweckhalle",,Lenzburg,Lenzburg,4201,Lenzburg,1907,Aargau,AG,19,CH,,,,,,,,,,,2656204.0,1249051.0,406,656203.18,249050.92,406,8.18302264,47.38988991,406,B,Bus,100672,873,RBL,Regionalbus Lenzburg,,http://lod.opentransportdata.swiss/didok/8578729,"47.3898899127, 8.18302264142",1,
87752,8587752,"Möriken AG, Züriacker",,Möriken AG,Möriken-Wildegg,4203,Lenzburg,1907,Aargau,AG,19,CH,,,,,,,,,,,2656264.0,1251927.0,386,656263.18,251926.89,386,8.18417902,47.41575089,386,B,Bus,100672,873,RBL,Regionalbus Lenzburg,,http://lod.opentransportdata.swiss/didok/8587752,"47.4157508879, 8.18417901573",1,
2133,8502133,Gexi,GEXI,Lenzburg,Lenzburg,4201,Lenzburg,1907,Aargau,AG,19,CH,,,,,,,,,,,2656927.43,1249351.38,423,656926.61,249351.3,423,8.19264183,47.39252936,423,,,100001,11,SBB,Schweizerische Bundesbahnen SBB,GEXI,http://lod.opentransportdata.swiss/didok/8502133,"47.3925293742, 8.1926417889",0,
2211,8502211,Hendschiken,HDK,Hendschiken,Hendschiken,4198,Lenzburg,1907,Aargau,AG,19,CH,,,,,,,,,,,2658044.14,1249017.72,419,658043.31,249017.65,419,8.2073887,47.38943108,419,Z,Zug,100001,11,SBB,Schweizerische Bundesbahnen SBB,HDK,http://lod.opentransportdata.swiss/didok/8502211,"47.3894310909, 8.20738865977",1,
87753,8587753,"Hunzenschwil, Bahnhof",,Hunzenschwil,Hunzenschwil,4200,Lenzburg,1907,Aargau,AG,19,CH,,,,,,,,,,,2651854.0,1248815.0,399,651853.22,248814.87,399,8.12538447,47.38812398,399,B,Bus,100001,11,SBB,Schweizerische Bundesbahnen SBB,,http://lod.opentransportdata.swiss/didok/8587753,"47.3881239747, 8.12538446945",1,
80897,8580897,"Auenstein, Rütigasse",,Auenstein,Auenstein,4091,Brugg,1904,Aargau,AG,19,CH,,,,,,,,,,,2652368.0,1251978.0,386,652367.19,251977.85,386,8.13256184,47.41653082,386,B,Bus,100602,801,PAG,PostAuto AG,,http://lod.opentransportdata.swiss/didok/8580897,"47.4165308214, 8.13256184262",1,
2872,8502872,"Schafisheim, Gemeindehaus",,Schafisheim,Schafisheim,4207,Lenzburg,1907,Aargau,AG,19,CH,,,,,,,,,,,2653175.0,1247545.0,418,653174.21,247544.9,418,8.14272816,47.3765965,418,B,Bus,100672,873,RBL,Regionalbus Lenzburg,,http://lod.opentransportdata.swiss/didok/8502872,"47.3765965, 8.14272816019",1,
2043,8502043,Seon Nord,SENO,Seon,Seon,4209,Lenzburg,1907,Aargau,AG,19,CH,,,,,Haltestelle ausser Betrieb,,,,,,2654524.0,1244959.0,447,654523.2,244958.92,447,8.16027486,47.35322807,447,,,100001,11,SBB,Schweizerische Bundesbahnen SBB,SENO,http://lod.opentransportdata.swiss/didok/8502043,"47.3532280662, 8.16027485836",0,
2115,8502115,Wildegg,WI,Wildegg,Möriken-Wildegg,4203,Lenzburg,1907,Aargau,AG,19,CH,,,,,,,,,,,2654667.74,1251859.16,354,654666.92,251859.03,354,8.16301991,47.41527515,354,Z,Zug,100001,11,SBB,Schweizerische Bundesbahnen SBB,WI,http://lod.opentransportdata.swiss/didok/8502115,"47.4152751629, 8.16301988225",1,
15407,8515407,Lenzburg West (Abzw),LBW,Lenzburg,Lenzburg,4201,Lenzburg,1907,Aargau,AG,19,CH,,,,,"Abzweigung, Verzweigung, Spaltweiche",,,,,,2654909.42,1249348.18,406,654908.61,249348.08,406,8.16591394,47.39267185,406,,,100001,11,SBB,Schweizerische Bundesbahnen SBB,LBW,http://lod.opentransportdata.swiss/didok/8515407,"47.3926718333, 8.1659139374",0,
78737,8578737,"Lenzburg, Schule Lenzhard",,Lenzburg,Lenzburg,4201,Lenzburg,1907,Aargau,AG,19,CH,,,,,,,,,,,2654935.0,1249074.0,406,654934.19,249073.9,406,8.16621907,47.39020377,406,B,Bus,100672,873,RBL,Regionalbus Lenzburg,,http://lod.opentransportdata.swiss/didok/8578737,"47.3902037743, 8.16621907495",1,
16923,8516923,Wildegg Süd,WIS,Niederlenz,Niederlenz,4204,Lenzburg,1907,Aargau,AG,19,CH,Inventarpunkt,30,,,,,,,,,2655235.0,1249942.0,408,655234.19,249941.9,408,8.17029938,47.39798533,408,,,100001,11,SBB,Schweizerische Bundesbahnen SBB,WIS,http://lod.opentransportdata.swiss/didok/8516923,"47.3979853291, 8.17029938205",0,
2981,8502981,"Niederlenz, Dorfplatz",,Niederlenz,Niederlenz,4204,Lenzburg,1907,Aargau,AG,19,CH,,,,,,,,,,,2655643.0,1250373.0,383,655642.18,250372.9,383,8.17575728,47.40182733,383,B,Bus,100672,873,RBL,Regionalbus Lenzburg,,http://lod.opentransportdata.swiss/didok/8502981,"47.401827326, 8.17575727722",1,
78754,8578754,"Lenzburg, Fünfweiher",,Lenzburg,Lenzburg,4201,Lenzburg,1907,Aargau,AG,19,CH,,,,,,,,,,,2656340.0,1247486.0,406,656339.19,247485.93,406,8.18462683,47.37580296,406,B,Bus,100672,873,RBL,Regionalbus Lenzburg,,http://lod.opentransportdata.swiss/didok/8578754,"47.3758029571, 8.18462682899",1,
87750,8587750,"Möriken AG, Bösenrain",,Möriken AG,Möriken-Wildegg,4203,Lenzburg,1907,Aargau,AG,19,CH,,,,,,,,,,,2656508.0,1251832.0,386,656507.18,251831.9,386,8.18740006,47.4148756,386,B,Bus,100672,873,RBL,Regionalbus Lenzburg,,http://lod.opentransportdata.swiss/didok/8587750,"47.4148755959, 8.18740005965",1,
89490,8589490,"Othmarsingen, Militärbetriebe",,Othmarsingen,Othmarsingen,4205,Lenzburg,1907,Aargau,AG,19,CH,,,,,,,,,,,2657712.0,1249616.0,419,657711.17,249615.92,419,8.20306708,47.39484106,419,B,Bus,100672,873,RBL,Regionalbus Lenzburg,,http://lod.opentransportdata.swiss/didok/8589490,"47.3948410626, 8.20306708041",1,
15403,8515403,Hendschiken Nord (Abzw),HDKN,Hendschiken,Hendschiken,4198,Lenzburg,1907,Aargau,AG,19,CH,,,,,"Abzweigung, Verzweigung, Spaltweiche",,,,,,2657901.26,1249209.84,419,657900.43,249209.76,419,8.20552127,47.3911715,419,,,100001,11,SBB,Schweizerische Bundesbahnen SBB,HDKN,http://lod.opentransportdata.swiss/didok/8515403,"47.3911715463, 8.20552126768",0,
90254,8590254,"Othmarsingen, Högern",,Othmarsingen,Othmarsingen,4205,Lenzburg,1907,Aargau,AG,19,CH,,,,,,,,,,,2658019.0,1249883.0,414,658018.16,249882.92,414,8.20716791,47.39721544,414,B,Bus,100672,873,RBL,Regionalbus Lenzburg,,http://lod.opentransportdata.swiss/didok/8590254,"47.3972154386, 8.20716791026",1,
90162,8590162,"Ammerswil AG, Kirche",,Ammerswil AG,Ammerswil,4191,Lenzburg,1907,Aargau,AG,19,CH,,,,,,,,,,,2658141.0,1246988.0,449,658140.19,246987.95,449,8.20840783,47.37116764,449,B,Bus,100672,873,RBL,Regionalbus Lenzburg,,http://lod.opentransportdata.swiss/didok/8590162,"47.3711676368, 8.2084078318",1,
87113,8587113,"Brunegg, Zentrum",,Brunegg,Brunegg,4193,Lenzburg,1907,Aargau,AG,19,CH,,,,,,,,,,,2658692.0,1252249.0,426,658691.15,252248.92,426,8.21639268,47.41843499,426,B,Bus,100672,873,RBL,Regionalbus Lenzburg,,http://lod.opentransportdata.swiss/didok/8587113,"47.4184349853, 8.21639267956",1,
90253,8590253,"Othmarsingen, Bahnhofstrasse",,Othmarsingen,Othmarsingen,4205,Lenzburg,1907,Aargau,AG,19,CH,,,,,,,,,,,2658738.0,1250770.0,420,658737.15,250769.93,420,8.21680793,47.40512918,420,B,Bus,100672,873,RBL,Regionalbus Lenzburg,,http://lod.opentransportdata.swiss/didok/8590253,"47.4051291841, 8.21680793074",1,
